5,0.0,False
3,-0.4999930281145421,False
1,-0.6164465833014345,False
2,-0.6794060312554254,False
0,-0.5186499735624468,False
2,-0.4358227845096387,False
0,-0.3833406705761336,False
1,-0.34611146648847474,False
1,-0.3179447746183197,False
0,-0.29578340301903067,False
0,-0.2776609007129613,False
0,-0.2625161305334356,False
5,-0.2494986998409196,False
0,-0.23843238368164804,False
1,-0.2201646471817921,False
2,-0.20308197535509553,False
3,-0.1867994677222577,False
2,-0.1715845481752173,False
2,-0.16638498299991983,False
4,-0.16143521338343989,False
0,-0.15759009033769314,False
4,-0.1531817560835157,False
2,-0.1523874811089053,False
1,-0.15300594977378834,False
1,-0.15455495065880315,False
3,-0.15588210716171397,False
3,-0.14957620542818087,False
3,-0.14256361329004483,False
1,-0.13483492271405847,False
3,-0.12667908141897372,False
4,-0.12423070737252107,False
4,-0.12233658952204784,False
4,-0.12046227396987864,False
4,-0.12193427678598386,False
5,-0.12544671815797837,False
0,-0.1283453037695881,False
1,-0.13113864188724286,False
5,-0.1254455565812812,False
1,-0.11887487465919737,False
2,-0.11204633680454311,False
3,-0.10515647779249464,False
5,-0.10443795636193279,False
5,-0.10363456927998446,False
0,-0.10268924682199156,False
3,-0.10150262115956021,False
3,-0.10013770258999383,False
2,-0.0986859747794212,False
3,-0.0971100064685632,False
3,-0.09591147260396393,False
2,-0.09481075136310026,False
1,-0.09434600271826783,False
4,-0.09282230724122417,False
3,-0.09214171857748829,False
2,-0.09156888162679792,False
0,-0.0917152751908881,False
3,-0.09061435080014754,False
3,-0.08963166068993093,False
0,-0.0892793562666634,False
0,-0.08827429272683225,False
3,-0.08627238177218384,False
3,-0.09134525759558745,False
0,-0.10012197944004764,False
0,-0.1085322226851249,False
0,-0.6165679534011569,False
4,-0.11510217739473053,False
0,-0.11031828754928279,False
5,-0.10411278352834481,False
5,-0.10686400010079257,False
3,-0.11407149332522976,False
0,-0.12333655478489224,False
1,-0.13247534192596502,False
1,-0.13304415563144534,False
5,-0.1320271483355155,False
0,-0.13117975798846004,False
3,-0.12961169039467624,False
5,-0.12898005508070526,False
0,-0.1282698161155995,False
1,-0.12722995264370301,False
3,-0.1258491404135624,False
5,-0.12039422284124636,False
4,-0.10518705810729886,False
0,-0.08955315437534461,False
3,-0.07221486445214273,False
3,-0.06977325034967662,False
5,-0.07859673950051027,False
3,-0.08821260792049225,False
0,-0.09939670349065445,False
3,-0.10007723743354523,False
4,-0.09012647277219146,False
2,-0.0797782155084425,False
1,-0.06886717804693374,False
3,-0.05689806047918053,False
5,-0.055446431794161935,False
3,-0.06138564348322021,False
1,-0.0722287078615282,False
3,-0.08289835888068994,False
2,-0.08837816367496712,False
1,-0.08961663395797045,False
5,-0.5869824653759567,False
5,-0.0926884277214526,False
4,-0.09310045390732109,False
0,-0.09075823232161084,False
0,-0.08692261265858499,False
0,-0.07445969115000478,False
5,-0.07188720978421108,False
0,-0.07944418228312325,False
5,-0.09051503501721773,False
0,-0.10205986955318784,False
3,-0.11340121505023935,False
4,-0.10656068807551537,False
3,-0.09583528271397378,False
3,-0.0932213996033765,False
5,-0.09311373632018906,False
2,-0.09264437428460112,False
4,-0.08430467153849802,False
5,-0.06815509908963649,False
4,-0.04857944865651538,False
2,-0.04101592993019899,False
5,-0.04081751394392804,False
3,-0.03980004127136709,False
1,-0.04038679355479928,False
2,-0.039762820711511854,False
3,-0.039390816369339304,False
5,-0.039721185175389126,False
1,-0.04864530849560294,False
0,-0.06133493515157233,False
4,-0.06148181799877568,False
1,-0.0618471545654822,False
0,-0.05274729862156771,False
0,-0.039261522201689984,False
3,-0.0360781841349736,False
0,-0.04509814975995164,False
3,-0.05758548271488103,False
0,-0.07145771722444526,False
5,-0.08534990940049549,False
0,-0.09020299077950057,False
0,-0.08973550686285509,False
4,-0.0761514162253063,False
2,-0.06248713709809587,False
4,-0.04832093556741322,False
4,-0.03435720893224698,False
2,-0.03348106355894664,False
0,-0.034193840800150824,False
5,-0.034266117942486976,False
5,-0.03496387539376491,False
4,-0.0339545444737325,False
2,-0.033724032762127744,False
1,-0.03353211030186053,False
3,-0.03269848750549608,False
5,-0.03268670913095744,False
5,-0.031832447043418206,False
4,-0.031711965163164546,False
5,-0.0325507872427985,False
2,-0.03284126040696561,False
3,-0.03266579216278241,False
4,-0.03256304026305118,False
1,-0.03349374904525025,False
4,-0.031776802521852186,False
0,-0.032366454437389044,False
0,-0.03174875157352604,False
0,-0.031568988523667116,False
0,-0.03159888299201504,False
1,-0.032116487895828924,False
1,-0.03254833486198566,False
0,-0.03347878625345867,False
5,-0.03303393886162218,False
4,-0.03218466178629072,False
1,-0.032356757497859594,False
1,-0.03183134341177543,False
5,-0.031066198603852752,False
3,-0.029768313049244263,False
3,-0.030116986479395386,False
3,-0.03114609435814947,False
1,-0.04159148458007484,False
0,-0.05442408340830192,False
4,-0.05490668465203879,False
5,-0.05620346650626988,False
2,-0.04447698175235796,False
4,-0.031059524471797918,False
0,-0.029770500130437225,False
5,-0.028123569375297613,False
3,-0.02818981093504993,False
4,-0.02839542234051097,False
4,-0.028662875080773885,False
3,-0.030010461475692935,False
2,-0.030785295914148837,False
2,-0.030236991506633136,False
3,-0.029557179271982214,False
2,-0.029456048278188224,False
0,-0.0289144981000703,False
2,-0.027959705537722587,False
5,-0.029739630947981294,False
2,-0.029724918813529445,False
4,-0.029890772881964962,False
4,-0.030529870945903717,False
0,-0.03083069359664656,False
1,-0.029974694628942387,False
1,-0.029197202476855068,False
0,-0.028368203536812357,False
3,-0.026869590458480468,False
4,-0.026456377459165584,False
4,-0.026793000529519634,False
0,-0.027650387708397603,False
3,-0.027646805775597635,False
3,-0.027866968805444328,False
5,-0.02846157683986932,False
3,-0.027982211902153883,False
0,-0.028879275518626776,False
1,-0.02812173990079225,False
2,-0.02680273399770481,False
0,-0.026959509954203806,False
0,-0.02729301145493336,False
1,-0.027923402525708848,False
1,-0.028236085615292453,False
1,-0.029235219971161897,False
5,-0.028922973997999226,False
3,-0.02789481565553724,False
5,-0.02746698474541469,False
4,-0.02621665022046979,False
4,-0.02522243456195534,False
5,-0.025732592334162092,False
2,-0.025879291315415713,False
2,-0.026620897640937013,False
4,0.46502003717679424,False
2,-0.04422574755093924,False
0,-0.05369670950264649,False
2,-0.06171131860263324,False
2,-0.07004789534550283,False
5,-0.0815355599740568,False
1,-0.09013416677825131,False
3,-0.08903769882428664,False
4,-0.08019340442426699,False
2,-0.0777276749011936,False
5,-0.08371735176730467,False
4,-0.0973822324740877,False
2,-0.11239519068757818,False
5,-0.11857959273929927,False
4,-0.11727241374285725,False
0,-0.11794203374882717,False
3,-0.10701767283791792,False
0,-0.09870183746883285,False
0,-0.08917154331426717,False
0,-0.08060325947365424,False
2,-0.08148066545086342,False
4,-0.08069373400658095,False
3,-0.08092718768467286,False
4,-0.08043029095664811,False
3,-0.07919856772235992,False
4,-0.07796167651375549,False
5,-0.07748424377184701,False
5,-0.062071587324223604,False
5,-0.04663507840556755,False
1,-0.03257563533957955,False
3,-0.01622356243624048,False
1,-0.017933014081411743,False
5,-0.018432488527640477,False
1,-0.02245152758246094,False
5,-0.022671275236311583,False
5,-0.021716884488207824,False
2,-0.021225494057316368,False
0,-0.017363053205329444,False
5,-0.01649038502475129,False
2,-0.01685790338227434,False
2,-0.017685240717129944,False
1,-0.01903671267209325,False
2,-0.018154958915762368,False
4,-0.017960107220330042,False
0,-0.018466858360087737,False
0,-0.017568317243960515,False
1,-0.016484681962827062,False
1,-0.016599325857174527,False
1,-0.016714145393533546,False
3,-0.016764771529073783,False
4,-0.017752213074565037,False
1,-0.020385372314914746,False
0,-0.019176661342834696,False
4,-0.016845484865097533,False
2,-0.017751789478182123,False
1,-0.027668574189319454,False
4,-0.04134552593589869,False
2,-0.05779212446577036,False
3,-0.0734628033763413,False
5,-0.06369092366489934,False
0,-0.0489869937757667,False
3,-0.032273322435964466,False
2,-0.016919307112038342,False
5,-0.016976610417996876,False
4,-0.015812800059619655,False
4,-0.5252972438597671,False
2,-0.04513732565101117,False
4,-0.07066635590348869,False
1,-0.09850691810217499,False
4,-0.11365020991338337,False
4,-0.11989854196875642,False
2,-0.12003539130410328,False
2,-0.11994773331584771,False
1,-0.12032017532249763,False
0,-0.12006749838115813,False
2,-0.1192138360717669,False
2,-0.1236619866472741,False
4,-0.1381043480341644,False
0,-0.16728489178943012,False
0,-0.19508527067151604,False
3,-0.21716025870287065,False
2,-0.19102893084910527,False
3,-0.15135996889741848,False
0,-0.11418484290739121,False
3,-0.05744438785401992,False
3,-0.0421690757649707,False
2,-0.026541540984828308,False
3,-0.009622490496523674,False
4,-0.009108289399057378,False
2,-0.007949799846979681,False
1,-0.017929891139034405,False
5,-0.01614367054114521,False
2,-0.018005903526523714,False
3,-0.017634984125115223,False
2,-0.01259717830079173,False
2,-0.027839464721032048,False
1,-0.04243370424202257,False
5,-0.06006292821416857,False
3,-0.0552024571646425,False
4,-0.04285193605574909,False
5,-0.5370507067356999,False
1,-0.03899634311282823,False
4,-0.07148685957147316,False
5,-0.10962122864788303,False
0,-0.13902989728383575,False
5,-0.15922546797828727,False
5,-0.16554843781699496,False
1,-0.16517782232950412,False
0,-0.16519222553194976,False
2,-0.16429059500908993,False
0,-0.164776077083533,False
3,-0.1634788596842548,False
3,-0.16307085142026562,False
5,-0.16371403069188142,False
2,-0.1628562653255029,False
4,-0.16190615631261254,False
4,-0.12108627252732844,False
0,-0.08088877674341953,False
2,-0.04013313490881924,False
5,-0.0005205039393124829,False
0,-0.00244012502053494,False
4,-0.0013441266803638171,False
0,-0.0034201181715874315,False
0,-0.002513566118122092,False
1,-0.0004793223974543718,False
1,-3.605905497890476e-05,False
4,0.002332889390774436,False
3,0.002857591222912788,False
5,0.0019645606844860292,False
0,-0.00039044977062506914,False
2,-0.00053976312362619,False
2,0.0005153919946237931,False
1,-0.01167041970716592,False
5,-0.010396015004636005,False
5,-0.00965109810637495,False
5,-0.011352009687993077,False
3,-0.015854830714359502,False
1,-0.017672273643226113,False
4,-0.016377076369489426,False
5,-0.016280543226605017,False
0,-0.0006667529716550813,False
3,-3.367308489529007e-05,False
2,-0.001327053266303885,False
3,-0.0007930769359475198,False
5,-0.001336650385721095,False
1,-0.0014878625469678863,False
1,0.0007104864293399115,False
3,0.0023855732086731606,False
5,-0.012820945792796362,False
5,-0.03136884934694963,False
0,-0.05459336932035733,False
5,-0.07637261147072863,False
0,-0.08487040874809637,False
5,-0.08824403452750577,False
2,-0.06834208443108368,False
0,-0.045941062973045045,False
5,-0.02123172964347563,False
0,-0.017484290310985494,False
5,-0.036578297435371776,False
5,-0.05865347114560777,False
1,-0.08390037763286046,False
2,-0.06721527281182182,False
0,-0.04646724251960543,False
5,-0.02204393135532071,False
0,-0.017980528743602345,False
4,-0.0161125175809156,False
3,-0.018773934954471935,False
5,-0.03895806745435792,False
0,-0.04276962916568128,False
4,-0.04150021135361421,False
4,-0.03914866722016911,False
2,-0.022615253535701284,False
5,-0.0005587393223494,False
4,0.0013504904221029676,False
2,0.0005501911935909589,False
2,0.0015775705790644753,False
1,0.0014367145655315152,False
4,0.005582082282293257,False
4,0.004874884086592657,False
2,-0.0033560442663928248,False
1,-0.020700621137721135,False
0,-0.039993331460083784,False
1,-0.05871753790529671,False
5,-0.07110371084360681,False
0,-0.06660498561745172,False
3,-0.04557787074906005,False
2,-0.02562252870447075,False
2,-0.01766229925866142,False
5,-0.026155680585040513,False
3,-0.025862443999547378,False
3,-0.02627573866284627,False
3,-0.015380650300294058,False
1,0.0028209203532510736,False
5,0.00450248999977478,False
0,0.003975138773388077,False
0,0.004885971832520145,False
3,-0.5053916254395865,False
5,-0.01954146402508355,False
2,-0.03134586335594918,False
3,-0.043053562909064425,False
5,-0.043650064685083464,False
1,-0.05908842681226543,False
4,-0.060265822887588055,False
3,-0.06333819235529276,False
5,-0.08339065835590871,False
5,-0.0916146205773492,False
0,-0.11266294205500693,False
4,-0.11083005943000433,False
1,-0.09296123452518595,False
3,-0.06705233082886079,False
5,-0.06358349753299168,False
5,-0.07102104884715109,False
1,-0.082448463275396,False
1,-0.09510377519365118,False
2,-0.06562967114975876,False
1,-0.0436520554398529,False
1,-0.02169644831824827,False
1,0.0015538705970568503,False
0,0.005054740982250242,False
2,0.006909765327607843,False
0,0.006686867702441873,False
0,0.007850859164481128,False
3,0.009816893014523438,False
1,0.00842885669059783,False
2,0.00913682930511811,False
0,0.007348478615432211,False
3,0.007119410733710452,False
1,0.005351061219162765,False
3,0.006755934004309248,False
2,0.00823905680664468,False
4,0.009844035269548562,False
0,-0.5053452273050029,False
0,-0.03630503897066057,False
2,-0.0811519467906173,False
4,-0.12731095202712805,False
4,-0.1605065959659496,False
3,-0.17644687673778472,False
5,-0.18031002269510885,False
5,-0.18008055027777006,False
2,-0.1793164849894605,False
1,-0.1798582977765655,False
1,-0.17960900008682576,False
2,-0.17842300195845848,False
1,-0.17893003671024688,False
0,-0.17896124089716664,False
2,-0.17780573206290895,False
5,-0.12991316880447046,False
0,-0.08264622736477184,False
4,-0.03326172038740429,False
1,0.012371654940646288,False
3,0.012718081320344571,False
2,0.009954545728829171,False
3,0.010726850563538696,False
5,0.010346064445676758,False
3,0.012309649798157572,False
4,0.013465726767584594,False
4,0.014541458467690655,False
0,0.013542721582762852,False
0,0.013747964598958527,False
2,0.014248947815642217,False
1,0.012184607045665007,False
3,0.01179042643950527,False
5,0.01009745393451997,False
0,0.010658424285192286,False
5,0.011971508237126102,False
0,0.012162121518468108,False
5,-0.5059282812730388,False
3,-0.03683874700940645,False
3,-0.1018134547442812,False
0,-0.17264885833484497,False
4,-0.20407989646175026,False
2,-0.22099198453856106,False
1,-0.20496506529235423,False
0,-0.1843499144962471,False
4,-0.17927310971088398,False
0,-0.18081674561899744,False
3,-0.17926494295578652,False
0,-0.18035673609081462,False
4,-0.17881307959681936,False
5,-0.17937479491255176,False
4,-0.17778516666788133,False
1,-0.1295641634139146,False
0,-0.08026841251809413,False
4,-0.029363012691513618,False
5,0.018262608708040636,False
3,0.01805639926176387,False
1,0.015276591580288608,False
2,0.01556985215389853,False
1,0.015614484334763564,False
4,0.01829109811961668,False
3,0.018600849258923163,False
2,0.019183135856992318,False
4,0.020824101450778492,False
5,0.01966098304695084,False
0,0.018479387553921027,False
5,0.017594564816022486,False
1,0.015804865142939106,False
3,0.01670014844805443,False
5,0.016047124629872577,False
2,0.017306991458909435,False
5,0.018133648075474625,False
0,-0.4966376033956749,False
0,-0.029822162344385627,False
3,-0.07476928559331787,False
3,-0.14219486013410534,False
3,-0.20340733170582878,False
4,-0.22306208227273638,False
5,-0.23147715849771036,False
2,-0.212585385897699,False
1,-0.18712223868946493,False
4,-0.18223506468257417,False
0,-0.18073070453067974,False
2,-0.1809023389275448,False
1,-0.1813143469480234,False
1,-0.18138267828879936,False
5,-0.18068284750121963,False
2,-0.1287504020038427,False
4,-0.07687024672551464,False
2,-0.02699369676221681,False
3,0.024061386317097224,False
0,0.021409301433372507,False
3,0.021076579607852683,False
2,0.020069809486614455,False
1,0.02012746387283324,False
2,0.022030485280829057,False
2,0.022829151955130137,False
3,0.024518870227651604,False
5,0.024467939694648885,False
0,0.02370583990053035,False
2,0.024310217100504142,False
0,0.02231803842709561,False
2,0.021752245303643506,False
0,0.019672653458261774,False
4,0.022762100949306183,False
4,0.010445918936971076,False
0,-0.008350289996043873,False
0,-0.5505172810897584,False
0,-0.10722736571429045,False
4,-0.16685636071305623,False
2,-0.22412338763259534,False
2,-0.2557726708152824,False
3,-0.272358330026873,False
5,-0.249623672073944,False
1,-0.2271163057325728,False
4,-0.2018885045755644,False
4,-0.19716361282038233,False
4,-0.22036140543038385,False
3,-0.24313101254996425,False
1,-0.2676308839719256,False
3,-0.24710651869008737,False
1,-0.22540055914206716,False
4,-0.14704299306480711,False
2,-0.09062059152247082,False
3,-0.0612858939756715,False
5,-0.009726723265784309,False
0,-0.011975987907050631,False
3,0.00576480280468549,False
3,0.02807267615143331,False
4,0.0287329110328831,False
2,0.02856138449780848,False
5,0.02879147665202293,False
5,0.030653778556621967,False
4,0.032624058360982616,False
4,0.032237719801428553,False
1,0.029473135955148274,False
2,0.029733254084216044,False
5,0.027999942545187003,False
2,0.02810425287031962,False
3,0.028617848179281445,False
4,0.02545021312170849,False
1,0.005786591091243643,False
0,-0.01769308597828783,False
0,-0.03912447209419133,False
3,-0.03311025900725639,False
2,-0.01904842546983937,False
5,0.003742425861525358,False
1,0.025892932664094256,False
5,0.02504662847915998,False
2,0.028038831640776578,False
3,0.027697034530109733,False
4,0.028142172341044686,False
5,0.02785964674743697,False
1,0.02873453146282294,False
4,0.03186116612461459,False
4,0.029676227423354216,False
2,0.008987929952750441,False
5,-0.015073764203597906,False
3,-0.014455294533372142,False
3,-0.013410739366113164,False
5,0.005229751879832198,False
0,0.0285100391132308,False
1,0.028547094113636064,False
2,0.02956496949550535,False
1,0.029696971606437028,False
0,0.029551950724418536,False
4,0.031287571268989074,False
0,0.02866864457660087,False
0,0.02716583523249052,False
1,0.026249347719057615,False
4,0.028135112276274916,False
1,0.008030778191184388,False
3,0.0113630161381163,False
5,0.4964116522360956,False
0,-0.01897611059295466,False
1,-0.01383175784966504,False
4,-0.027487538646635775,False
0,-0.02971390199133557,False
3,-0.0348469545893717,False
2,-0.06235491694457027,False
0,-0.10348333883472573,False
1,-0.14328840567305035,False
4,-0.17502094398035528,False
2,-0.20811889101066272,False
3,-0.23121662512181312,False
1,-0.25630257232658327,False
4,-0.278097966659368,False
4,-0.2825885679888972,False
5,-0.2835934430122328,False
1,-0.22867726379928274,False
3,-0.14734492204514368,False
5,-0.06916409894060682,False
0,0.009538507875766572,False
3,0.03561171572406198,False
0,0.03464749254812772,False
4,0.03647463792629255,False
0,0.03322514967250413,False
2,0.03375650729177117,False
5,0.03220768427175128,False
5,0.031738619239282284,False
1,0.030695770891260778,False
3,0.03357466615144684,False
3,0.034113298189014575,False
5,0.032527500080673705,False
5,0.03273596779861474,False
0,0.028668327697561172,False
2,0.013673654467094537,False
3,0.014853496575410923,False
4,0.014046424840482973,False
3,0.01645627321176406,False
4,0.032774837169425204,False
3,0.033187932581230095,False
1,0.024606861037248556,False
5,0.0018977349720936496,False
2,-0.0007579735300104166,False
1,-0.002315617548204997,False
2,0.006403997636476044,False
5,0.028969533465224333,False
4,0.03387929726835166,False
2,0.03176141509928956,False
3,0.032178576139857314,False
3,0.03290040298498675,False
1,0.03200863547869463,False
1,0.03280540977704688,False
1,0.03360752980097905,False
1,0.034388592127219765,False
3,0.03532256825407559,False
4,0.035370307530779674,False
3,0.030254798907702374,False
4,0.03184923432894679,False
4,0.031984411924664106,False
0,0.02961169389266466,False
0,0.03453542736214732,False
0,0.03317486172924199,False
1,0.03353237627971817,False
4,0.03554556065021928,False
3,0.034877058145569954,False
1,0.0316684626912193,False
2,-0.4835375031683291,False
0,-0.00015906409669753956,False
1,-0.014762162608844524,False
5,-0.028917562489378563,False
4,-0.02755267622083475,False
5,-0.028674978039428818,False
1,-0.02855817653992249,False
1,-0.02889039781382674,False
5,-0.028051294338694605,False
5,-0.02781708109964605,False
2,-0.027357940132038943,False
1,-0.04071738870066591,False
1,-0.06957810066051684,False
2,-0.11100700122129774,False
3,-0.15228353883373938,False
5,-0.18330567176414056,False
1,-0.15915626034219987,False
3,-0.12948186994317523,False
3,-0.10122854326710105,False
5,-0.07323126801468771,False
1,-0.08369351660863776,False
1,-0.0826672629581979,False
2,-0.05554433895018376,False
3,-0.02963259667372391,False
0,-0.0270270638717743,False
5,-0.027706187155516218,False
2,-0.027670554495996806,False
0,-0.025039392964552397,False
0,0.0010551498138747929,False
2,0.032076750342738936,False
4,0.03739757215914931,False
3,0.038327886953975446,False
5,0.03691461529658479,False
4,0.037574583290750724,False
2,0.03674809647536184,False
3,-0.48047380976238685,False
2,-0.014696896478754756,False
2,-0.07037890265220224,False
1,-0.1294241377861545,False
0,-0.17129251254814623,False
2,-0.1952855629417374,False
4,-0.1975268119847751,False
4,-0.197661108804116,False
4,-0.2068723775014878,False
2,-0.22827732634016823,False
3,-0.25274363209392753,False
2,-0.27865008072472425,False
0,-0.2954690343456804,False
1,-0.3000765422938813,False
3,-0.2982476108379574,False
2,-0.2985952100267692,False
0,-0.24042523462488463,False
5,-0.1803337866596106,False
3,-0.0933937064765738,False
0,-0.009536316911879348,False
0,0.016579823192167307,False
4,0.04519377232401172,False
0,0.021490953135238515,False
4,-0.0029737796473689434,False
5,-0.03124548842177,False
3,-0.03075460707091084,False
4,-0.014572801964721377,False
1,-0.01099762282959691,False
2,-0.009056807414269381,False
1,-0.03637637697978064,False
1,-0.05696087174401219,False
0,-0.06073076412789846,False
4,-0.05925703132771829,False
5,-0.060884871243473894,False
0,-0.05814115872314072,False
0,-0.5821951437056501,False
4,-0.12544203411762866,False
3,-0.18579477939039127,False
4,-0.24845515523009926,False
2,-0.286221019440223,False
0,-0.30168965587986624,False
4,-0.2991950616482599,False
5,-0.300387525655413,False
4,-0.29866412169464496,False
2,-0.2994065115316809,False
4,-0.29813658364348034,False
1,-0.2998038886020289,False
0,-0.29976941374941907,False
5,-0.29880685594654693,False
5,-0.27152701423088205,False
0,-0.2457739569121729,False
4,-0.1561809734235912,False
4,-0.09048017714620772,False
2,-0.05795000781392334,False
1,-0.024117293043560504,False
2,-0.04975109479773014,False
2,-0.05410617720363921,False
2,-0.054116217798910994,False
3,-0.05443049279678202,False
1,-0.05695383207692856,False
5,-0.030791989338958648,False
3,-0.004060408594659164,False
2,0.02165483960563497,False
3,0.04965794326328273,False
0,0.047506266216552906,False
3,0.05004977246381067,False
3,0.05166501688135963,False
1,0.04890777212188828,False
1,0.0487236708726068,False
3,0.050428031958450664,False
5,-0.4703102772047573,False
2,-0.004835033026671347,False
5,-0.06291562668219018,False
4,-0.1217366985860917,False
5,-0.16629310675191417,False
0,-0.19317298481487413,False
5,-0.1957673338917605,False
5,-0.2104707196708853,False
2,-0.21362748415012364,False
1,-0.21463356492627966,False
1,-0.21416197181688526,False
3,-0.19581473589544157,False
3,-0.2123099584774406,False
4,-0.21558888719061609,False
0,-0.21779185801191978,False
5,-0.21685995432586974,False
3,-0.15974594476927137,False
4,-0.09763224631468122,False
2,-0.03680575389668077,False
5,0.02321185645392144,False
5,0.04933759331624352,False
0,0.032882190086572935,False
4,0.031104186884100285,False
5,0.024624356921972713,False
2,0.026144964347715717,False
5,0.041063244374073396,False
2,0.04661801758395619,False
5,0.04629557282797279,False
4,0.04891353350352644,False
3,0.048854774472224374,False
1,0.01989370998040204,False
4,0.023439622855116825,False
3,0.01694669857372402,False
1,-0.007438536952660691,False
1,-0.013203097958556278,False
5,-0.5658883398072381,False
2,-0.11276544301330013,False
0,-0.14995615386323594,False
1,-0.17925735162433692,False
4,-0.18370768233189752,False
1,-0.19670664736806903,False
4,-0.19453833103251256,False
4,-0.19412566905300413,False
1,-0.19615498047239616,False
0,-0.19611327985137614,False
3,-0.1946344278150144,False
4,-0.1940180951024789,False
3,-0.19432241935723216,False
0,-0.19593816367599676,False
5,-0.19507551121991862,False
0,-0.1955725712340064,False
3,-0.13109184782791988,False
5,-0.06912425286496156,False
5,-0.026755621859600506,False
1,0.009717894033272974,False
4,0.007664102385980305,False
3,0.0043573203843749134,False
4,0.027589719616947384,False
3,0.048834717886322945,False
0,0.02311572981260637,False
3,-0.005208976905454544,False
3,-0.03968771372633781,False
5,-0.06904809481628527,False
0,-0.07418641468734567,False
1,-0.07373053341812869,False
5,-0.07235668650733065,False
5,-0.0707945139335952,False
2,-0.042227886202807374,False
3,-0.01333143195935235,False
0,-0.009660277173464174,False
4,-0.49834514567312027,False
4,-0.03087683401419132,False
0,-0.0890601202339029,False
2,-0.12396100591235715,False
5,-0.1650488163011419,False
4,-0.19077461353836617,False
3,-0.1948232908056843,False
3,-0.19485463493547672,False
0,-0.19707899690291755,False
3,-0.19513469448512186,False
1,-0.2179800312454257,False
4,-0.21959466340898087,False
5,-0.22516285709480152,False
3,-0.25046478355175805,False
5,-0.26284125606552367,False
1,-0.29212465893580514,False
5,-0.2564475778976612,False
4,-0.16749717783331755,False
5,-0.07587697002211034,False
4,0.025023083777870877,False
2,0.05751992962663158,False
3,0.06293836908765833,False
0,0.06481197595522926,False
3,0.06360463364752973,False
1,0.03932508337181964,False
0,0.0045311548996144115,False
3,-0.027104777127972827,False
4,-0.030009905337536613,False
4,-0.007198007095891691,False
5,0.024600431921299862,False
3,0.05905997510059756,False
0,0.04151360447332852,False
1,0.00778277022019458,False
1,-0.025918000740319753,False
3,-0.056956954773433814,False
4,-0.5650335419729932,False
5,-0.08655127423834663,False
0,-0.14620222352175785,False
1,-0.2100392390853258,False
1,-0.2791009645943106,False
1,-0.3239613412980159,False
0,-0.32973097797915557,False
3,-0.32755467537369126,False
4,-0.2975638813710353,False
0,-0.26626838293168786,False
5,-0.2300373808558009,False
2,-0.19446141518209592,False
3,-0.19349920037567664,False
1,-0.222743424725574,False
1,-0.2577702476084475,False
3,-0.29114251524003476,False
0,-0.2572948679219155,False
4,-0.16605890317874364,False
5,-0.0728693978916534,False
4,0.029759617209060677,False
1,0.061599396561223804,False
2,0.06768643626958881,False
5,0.07080522426039473,False
0,0.06755364207778614,False
1,0.0666354171382242,False
3,0.06835566070163383,False
1,0.04426160721919739,False
0,0.010874680023093776,False
1,-0.021355238158865555,False
1,-0.056515260660686586,False
2,-0.036771206289604355,False
3,-0.004933093725015191,False
5,-0.0007381970199274729,False
0,-0.0017940592962427653,False
5,-0.03096260481565564,False
2,-0.5507855807471626,False
5,-0.06548969857159011,False
4,-0.09016599326734998,False
0,-0.12397911236150617,False
4,-0.16404535385351898,False
1,-0.19029237672328358,False
3,-0.19414834043062365,False
3,-0.19380307731077012,False
5,-0.21686673617615468,False
1,-0.25111308690392126,False
0,-0.2854253729121131,False
1,-0.31895687561035824,False
4,-0.29855787364675823,False
5,-0.2700260236956806,False
4,-0.23241256429363158,False
5,-0.20389287701803438,False
3,-0.16050870310685247,False
3,-0.12411458054571375,False
4,-0.06311295889555724,False
3,0.0033427280956490647,False
0,0.00192869672536881,False
5,0.0037356143910807346,False
0,-0.02717148451171762,False
1,-0.057763163987484385,False
5,-0.06445021805597949,False
1,-0.06638231237714161,False
2,-0.03590459738224463,False
3,-0.004950481437312391,False
5,0.001077674887981784,False
4,0.03321575690527567,False
1,0.035814539409048704,False
0,0.041669542098302974,False
4,0.07124795300623087,False
1,0.07298604623525937,False
0,0.07234503482812342,False
2,-0.4532672316572888,False
4,-0.0026575724230612943,False
5,-0.07139572216433777,False
4,-0.13602687480581394,False
0,-0.17965594906041238,False
0,-0.1958594947466765,False
5,-0.19510211256896592,False
3,-0.19412051885002388,False
3,-0.19373201049019995,False
0,-0.19595187266475986,False
0,-0.19543099808150427,False
2,-0.19352390149650892,False
4,-0.19264228033331676,False
2,-0.19372357833302042,False
1,-0.19457349619122952,False
3,-0.19267060624190785,False
4,-0.1250230017177421,False
0,-0.0597610130916617,False
2,0.008758537952989209,False
4,0.07782264894897144,False
2,0.07701098227369546,False
1,0.07793133133087539,False
3,0.07966166847969043,False
0,0.07688816225703739,False
0,0.07538427698140039,False
3,0.07449676106676426,False
2,0.07343318961835475,False
2,0.07386765086691992,False
1,0.07505152041116586,False
4,0.05375025234564898,False
2,0.02445665304522168,False
2,-0.0031404015334168325,False
5,-0.03469357164031989,False
4,-0.039328728865120975,False
2,-0.03641635105197245,False
4,-0.556385180075491,False
4,-0.09543292225212031,False
2,-0.16072968299143603,False
3,-0.23156900127435662,False
2,-0.28034560847784296,False
0,-0.3106773042277399,False
1,-0.3141237442136343,False
3,-0.31212177284995,False
5,-0.282563686286399,False
3,-0.25175555056213955,False
1,-0.2240179336782066,False
4,-0.19203996253597544,False
5,-0.19448298436886735,False
0,-0.19537624261705006,False
5,-0.19398916263208654,False
4,-0.19208155996258622,False
1,-0.12655964875429654,False
1,-0.05769723359989272,False
0,0.010852507529274167,False
2,0.08078309368323879,False
2,0.08118224921661236,False
5,0.0815942258826441,False
4,0.08450579663131495,False
4,0.05951912449245283,False
0,0.026209710140908667,False
3,-0.003204125910874647,False
0,-0.036355517799773064,False
1,-0.04182227369222464,False
5,-0.0091286491087188,False
1,0.02057693463974334,False
2,0.05335491858770999,False
3,0.08440907427684397,False
5,0.08009362261559538,False
2,0.08023354297478792,False
0,0.07784024312044753,False
1,0.07742335809753484,False
1,0.0788553152287525,False
3,0.08162957684728314,False
2,0.07909637361320987,False
3,0.08034326977362223,False
5,0.08018162648733737,False
5,0.08030315194063734,False
3,0.08030887084759217,False
4,0.08050790626316878,False
5,0.07834875077787806,False
0,0.07659581479255943,False
4,0.08162126509947742,False
2,0.08052328891890864,False
3,0.08042600328224736,False
5,0.07912751659976866,False
2,0.08178345374800972,False
1,0.07954582470814225,False
2,0.07965598710306425,False
2,0.08098908093595705,False
2,-0.4392531811661675,False
5,0.040906602737377146,False
0,0.022349521125596832,False
4,0.004239788768485164,False
5,-0.025226179188681454,False
4,-0.07078981619283001,False
0,-0.12416608898138627,False
0,-0.17342366116307645,False
0,-0.19661404639566007,False
4,-0.19806106668559326,False
3,-0.19853903118179866,False
5,-0.19971942060520614,False
4,-0.19829074561598273,False
4,-0.19797557567065768,False
4,-0.2151948072446793,False
3,-0.24605259464101534,False
1,-0.20856390396433372,False
4,-0.16665319577849497,False
2,-0.10969044133668071,False
2,-0.04091365412219002,False
2,-0.038335449954651324,False
1,-0.039623871725801396,False
5,-0.03755362634319766,False
2,-0.03919015403006151,False
4,-0.03710518652807527,False
2,-0.039810022099281035,False
5,-0.04085862663619634,False
4,-0.03879629267995764,False
1,-0.04129446002657155,False
3,-0.037774807354325556,False
1,-0.03803937333517535,False
0,-0.03747069211144313,False
5,-0.012725287707387848,False
3,-0.0034987744049581938,False
5,-0.009929644947718553,False
2,-0.5162290450848559,False
2,-0.04758460527433862,True
